﻿country,iso_code
Afghanistan,AFG
Albania,ALB
Algeria,DZA
Andorra,AND
Angola,AGO
Anguilla,AIA
Antigua and Barbuda,ATG
Argentina,ARG
Armenia,ARM
Australia,AUS
Austria,AUT
Azerbaijan,AZE
Bahamas,BHS
Bahrain,BHR
Bangladesh,BGD
Barbados,BRB
Belarus,BLR
Belgium,BEL
Belize,BLZ
Bermuda,BMU
Bhutan,BTN
Bolivia,BOL
Bosnia and Herzegovina,BIH
Botswana,BWA
Brazil,BRA
Brunei,BRN
Bulgaria,BGR
Cambodia,KHM
Canada,CAN
Cape Verde,CPV
Cayman Islands,CYM
Chile,CHL
China,CHN
Colombia,COL
Costa Rica,CRI
Cote d'Ivoire,CIV
Croatia,HRV
Cyprus,CYP
Czechia,CZE
Denmark,DNK
Dominica,DMA
Dominican Republic,DOM
Ecuador,ECU
Egypt,EGY
El Salvador,SLV
England,OWID_ENG
Equatorial Guinea,GNQ
Estonia,EST
Eswatini,SWZ
Faeroe Islands,FRO
Falkland Islands,FLK
Finland,FIN
France,FRA
Gabon,GAB
Gambia,GMB
Georgia,GEO
Germany,DEU
Ghana,GHA
Gibraltar,GIB
Greece,GRC
Greenland,GRL
Grenada,GRD
Guatemala,GTM
Guernsey,GGY
Guinea,GIN
Guyana,GUY
Honduras,HND
Hong Kong,HKG
Hungary,HUN
Iceland,ISL
India,IND
Indonesia,IDN
Iran,IRN
Iraq,IRQ
Ireland,IRL
Isle of Man,IMN
Israel,ISR
Italy,ITA
Jamaica,JAM
Japan,JPN
Jersey,JEY
Jordan,JOR
Kazakhstan,KAZ
Kenya,KEN
Kosovo,OWID_KOS
Kuwait,KWT
Kyrgyzstan,KGZ
Laos,LAO
Latvia,LVA
Lebanon,LBN
Liechtenstein,LIE
Lithuania,LTU
Luxembourg,LUX
Macao,MAC
Malawi,MWI
Malaysia,MYS
Maldives,MDV
Mali,MLI
Malta,MLT
Mauritania,MRT
Mauritius,MUS
Mexico,MEX
Moldova,MDA
Monaco,MCO
Mongolia,MNG
Montenegro,MNE
Montserrat,MSR
Morocco,MAR
Mozambique,MOZ
Myanmar,MMR
Namibia,NAM
Nepal,NPL
Netherlands,NLD
New Zealand,NZL
Nigeria,NGA
North Macedonia,MKD
Northern Cyprus,OWID_CYN
Northern Ireland,OWID_NIR
Norway,NOR
Oman,OMN
Pakistan,PAK
Palestine,PSE
Panama,PAN
Papua New Guinea,PNG
Paraguay,PRY
Peru,PER
Philippines,PHL
Poland,POL
Portugal,PRT
Qatar,QAT
Romania,ROU
Russia,RUS
Rwanda,RWA
Saint Helena,SHN
Saint Kitts and Nevis,KNA
Saint Lucia,LCA
Saint Vincent and the Grenadines,VCT
San Marino,SMR
Sao Tome and Principe,STP
Saudi Arabia,SAU
Scotland,OWID_SCT
Senegal,SEN
Serbia,SRB
Seychelles,SYC
Sierra Leone,SLE
Singapore,SGP
Slovakia,SVK
Slovenia,SVN
Solomon Islands,SLB
South Africa,ZAF
South Korea,KOR
Spain,ESP
Sri Lanka,LKA
Sudan,SDN
Suriname,SUR
Sweden,SWE
Switzerland,CHE
Syria,SYR
Taiwan,TWN
Thailand,THA
Togo,TGO
Trinidad and Tobago,TTO
Tunisia,TUN
Turkey,TUR
Turks and Caicos Islands,TCA
Uganda,UGA
Ukraine,UKR
United Arab Emirates,ARE
United Kingdom,GBR
United States,USA
Uruguay,URY
Uzbekistan,UZB
Venezuela,VEN
Vietnam,VNM
Wales,OWID_WLS
Zimbabwe,ZWE
